Aachen;;;
Aalen;;;Stadtteile Berlin, hamburg etc,
Aarau;;;
Abensberg;;;Flüsse
Achern;;;
Achim;;;
Adliswil;;;
Aesch;;;
Ahaus;;;
Ahlen;;;
Ahrensburg;;;
Aichach;;;
Aichtal;;;
Allschwil;;;
Albstadt;;;
Alfeld;;;
Alsdorf;;;
Alsfeld;;;
Altena;;;
Altenburg;;;
Altensteig;;;
Altötting;;;
Altstätten;;;
Altlandsberg;;;
Alzenau;;;
Alzey;;;
Amberg;;;
Amriswil;;;
Amstetten;;;
Andernach;;;
Angermünde;;;
Anklam;;;
Ansbach;;;
Ansfelden;;;
Apolda;;;
Arbon;;;
Arnsberg;;;
Arnstadt;;;
Arnstein;;;
Aschaffenburg;;;
Aschersleben;;;
Asperg;;;
Aßlar;;;
Attendorn;;;
Augsburg;;;
Aulendorf;;;
Aurich;;;
Baar;;;
Babenhausen;;;
Backnang;;;
Baiersbronn;;;
Balingen;;;
Bamberg;;;
Bassersdorf;;;
Baunatal;;;
Bayreuth;;;
Beckum;;;
Bensheim;;;
Bergheim;;;
Bergkamen;;;
Bern;;;
Biberach;;;
Biel;;;
Bielefeld;;;
Bietigheim;;;
Binningen;;;
Birsfelden;;;
Bitburg;;;
Bludenz;;;
Bocholt;;;
Bochum;;;
Bonn;;;
Bottrop;;;
Bramsche;;;
Brandenburg;;;
Braunau;;;
Braunschweig;;;
Bregenz;;;
Bremerhaven;;;
Bremen;;;
Brig;;;
Brilon;;;
Bruchsal;;;
Brühl;;;
Buchs;;;
Buchholz;;;
Bückeburg;;;
Büdingen;;;
Bühl;;;
Bünde;;;
Burgdorf;;;
Burgwedel;;;
Burg;;;
Büren;;;
Bussigny;;;
Cham;;;
Chemnitz;;;
Chur;;;
Coburg;;;
Coesfeld;;;
Coswig;;;
Crailsheim;;;
Cuxhaven;;;
Dachau;;;
Damme;;;
Darmstadt;;;
Dassel;;;
Delbrück;;;
Delitzsch;;;
Delmenhorst;;;
Dessau;;;
Detmold;;;
Dietikon;;;
Dillingen;;;
Dingolfing;;;
Dinslaken;;;
Dippoldiswalde;;;
Ditzingen;;;
Donaueschingen;;;
Donauwörth;;;
Dormagen;;;
Dorsten;;;
Dortmund;;;
Dreieich;;;
Dresden;;;
Duderstadt;;;
Duisburg;;;
Dülmen;;;
Düren;;;
Düsseldorf;;;
Dessau;;;
Ebersbach;;;
Ebersberg;;;
Eberswalde;;;
Eckernförde;;;
Edewecht;;;
Edingen;;;
Ehingen;;;
Eibenstock;;;
Eichstätt;;;
Eilenburg;;;
Einbeck;;;
Eisenach;;;
Eisenberg;;;
Eislingen;;;
Ellwangen;;;
Elmshorn;;;
Elsdorf;;;
Eltville;;;
Emden;;;
Emmendingen;;;
Emmerich;;;
Emsdetten;;;
Engen;;;
Enger;;;
Ennepetal;;;
Ennigerloh;;;
Eppingen;;;
Erding;;;
Erftstadt;;;
Erfurt;;;
Erkelenz;;;
Erkrath;;;
Erlangen;;;
Eschborn;;;
Eschwege;;;
Eschweiler;;;
Espelkamp;;;
Essen;;;
Esslingen;;;
Ettlingen;;;
Eutin;;;
Eutzsch;;;
Euper;;;
Fellbach;;;
Filderstadt;;;
Finsterwalde;;;
Flensburg;;;
Forchheim;;;
Forst;;;
Frankenberg;;;
Frankenthal;;;
Frankfurt;;;
Frechen;;;
Freiberg;;;
Freiburg;;;
Freilassing;;;
Freising;;;
Freital;;;
Fribourg;;;
Friedberg;;;
Friedrichsdorf;;;
Friedrichshafen;;;
Friedrichsthal;;;
Friesoythe;;;
Fritzlar;;;
Fulda;;;
Fürstenfeldbruck;;;
Fürth;;;
Gaggenau;;;
Garching;;;
Garmisch;;;
Geesthacht;;;
Geilenkirchen;;;
Geislingen;;;
Geldern;;;
Gelsenkirchen;;;
Gengenbach;;;
Genthin;;;
Georgsmarienhütte;;;
Geretsried;;;
Gerlingen;;;
Germersheim;;;
Germering;;;
Gernsbach;;;
Gerolzhofen;;;
Geseke;;;
Giengen;;;
Gießen;;;
Gifhorn;;;
Gladbeck;;;
Glarus;;;
Glauchau;;;
Göppingen;;;
Görlitz;;;
Goslar;;;
Gotha;;;
Göttingen;;;
Greifswald;;;
Greven;;;
Grevenbroich;;;
Griesheim;;;
Grimma;;;
Gummersbach;;;
Günzburg;;;
Gunzenhausen;;;
Haiger;;;
Halle;;;
Haltern;;;
Hamburg;;;
Hameln;;;
Hamm;;;
Hanau;;;
Hannover;;;
Harburg;;;
Hattingen;;;
Hechingen;;;
Heide;;;
Heidelberg;;;
Heidenheim;;;
Heilbronn;;;
Heiligenhaus;;;
Heinsberg;;;
Helmstedt;;;
Hemer;;;
Hennef;;;
Hennigsdorf;;;
Herborn;;;
Herford;;;
Heringen;;;
Herrenberg;;;
Herten;;;
Herzogenaurach;;;
Hilden;;;
Hildesheim;;;
Hof;;;
Hofheim;;;
Holzminden;;;
Homburg;;;
Horb;;;
Höxter;;;
Hoyerswerda;;;
Hückelhoven;;;
Hürth;;;
Husum;;;
Ibbenbüren;;;
Idar;;;
Idstein;;;
Illertissen;;;
Illingen;;;
Ilmenau;;;
Immenstadt;;;
Ingelheim;;;
Innsbruck;;;
Interlaken;;;
Iserlohn;;;
Isernhagen;;;
Jena;;;
Jülich;;;
Kaarst;;;
Kaiserslautern;;;
Karben;;;
Karlsruhe;;;
Kassel;;;
Kaufbeuren;;;
Kehl;;;
Kelheim;;;
Kempten;;;
Kernen;;;
Kiel;;;
Kirchheim;;;
Kirchzarten;;;
Kitzingen;;;
Klagenfurt;;;
Kleve;;;
Koblenz;;;
Köln;;;
Königsbrunn;;;
Königswinter;;;
Konstanz;;;
Korbach;;;
Kornwestheim;;;
Krefeld;;;
Kreuzlingen;;;
Kulmbach;;;
Laatzen;;;
Lahr;;;
Lampertheim;;;
Landau;;;
Landsberg;;;
Landshut;;;
Langen;;;
Langenfeld;;;
Langenhagen;;;
Leer;;;
Leinfelden;;;
Leipzig;;;
Lemgo;;;
Lengerich;;;
Lennestadt;;;
Leonberg;;;
Leutkirch;;;
Leverkusen;;;
Lichtenfels;;;
Limbach;;;
Limburg;;;
Lindau;;;
Lingen;;;
Linz;;;
Lippstadt;;;
Lörrach;;;
Lorsch;;;
Ludwigsburg;;;
Ludwigshafen;;;
Ludwigsfelde;;;
Lüneburg;;;
Lünen;;;
Magdeburg;;;
Maintal;;;
Mainz;;;
Mannheim;;;
Marbach;;;
Marburg;;;
Markkleeberg;;;
Marktheidenfeld;;;
Marktoberdorf;;;
Marktredwitz;;;
Marl;;;
Mechernich;;;
Meckenheim;;;
Meerbusch;;;
Meißen;;;
Melle;;;
Memmingen;;;
Menden;;;
Meppen;;;
Merseburg;;;
Merzig;;;
Meschede;;;
Metzingen;;;
Michelstadt;;;
Miesbach;;;
Minden;;;
Moers;;;
Mölln;;;
Montabaur;;;
Mosbach;;;
Mühlacker;;;
Mühldorf;;;
Mühlhausen;;;
Mülheim;;;
München;;;
Münster;;;
Naila;;;
Naumburg;;;
Neckarsulm;;;
Netphen;;;
Nettetal;;;
Neuötting;;;
Neubrandenburg;;;
Neuburg;;;
Neuenburg;;;
Neuenrade;;;
Neufahrn;;;
Neukirchen;;;
Neumarkt;;;
Neumünster;;;
Neunkirchen;;;
Neuruppin;;;
Neusäß;;;
Neuss;;;
Neustadt;;;
Neutraubling;;;
Neuwied;;;
Nidda;;;
Nienburg;;;
Norden;;;
Norderstedt;;;
Nordhausen;;;
Northeim;;;
Nürnberg;;;
Oberhausen;;;
Obertshausen;;;
Oberursel;;;
Ochsenfurt;;;
Ochtrup;;;
Oelde;;;
Oerlinghausen;;;
Offenbach;;;
Offenburg;;;
Olching;;;
Oldenburg;;;
Olpe;;;
Olsberg;;;
Olten;;;
Oschatz;;;
Osnabrück;;;
Osterholz;;;
Osterode;;;
Ostfildern;;;
Ottobrunn;;;
Ottweiler;;;
Paderborn;;;
Papenburg;;;
Passau;;;
Peine;;;
Penzberg;;;
Pforzheim;;;
Pfullingen;;;
Pfungstadt;;;
Pinneberg;;;
Pirmasens;;;
Pirna;;;
Plauen;;;
Plettenberg;;;
Plochingen;;;
Pocking;;;
Potsdam;;;
Prenzlau;;;
Radebeul;;;
Radeberg;;;
Radevormwald;;;
Radolfzell;;;
Rastatt;;;
Rathenow;;;
Ratingen;;;
Ravensburg;;;
Recklinghausen;;;
Rees;;;
Regensburg;;;
Remagen;;;
Remscheid;;;
Renningen;;;
Rendsburg;;;
Reutlingen;;;
Rheda;;;
Rheinbach;;;
Rheine;;;
Rheinfelden;;;
Ribnitz;;;
Riedstadt;;;
Riesa;;;
Rietberg;;;
Rinteln;;;
Rödermark;;;
Rodgau;;;
Ronnenberg;;;
Rosenheim;;;
Rosengarten;;;
Rostock;;;
Rotenburg;;;
Roth;;;
Rottenburg;;;
Rottweil;;;
Saalfeld;;;
Saarbrücken;;;
Saarlouis;;;
Salzgitter;;;
Salzwedel;;;
Sandhausen;;;
Sangerhausen;;;
Schifferstadt;;;
Schkeuditz;;;
Schleswig;;;
Schmallenberg;;;
Schönebeck;;;
Schönefeld;;;
Schopfheim;;;
Schorndorf;;;
Schramberg;;;
Schwabach;;;
Schwandorf;;;
Schwedt;;;
Schweinfurt;;;
Schwelm;;;
Schwerte;;;
Schwetzingen;;;
Siegburg;;;
Sindelfingen;;;
Singen;;;
Sinsheim;;;
Soest;;;
Solingen;;;
Solothurn;;;
Sonthofen;;;
Speyer;;;
Stade;;;
Starnberg;;;
Staßfurt;;;
Steinfurt;;;
Stendal;;;
Stolberg;;;
Stralsund;;;
Straubing;;;
Stuttgart;;;
Suhl;;;
Taufkirchen;;;
Taunusstein;;;
Teltow;;;
Templin;;;
Teterow;;;
Tettnang;;;
Tirschenreuth;;;
Titisee;;;
Tönisvorst;;;
Traun;;;
Traunreut;;;
Traunstein;;;
Trebur;;;
Trier;;;
Troisdorf;;;
Trossingen;;;
Tübingen;;;
Tuttlingen;;;
Überlingen;;;
Uelzen;;;
Uetersen;;;
Uhingen;;;
Ulm;;;
Unna;;;
Unterhaching;;;
Unterföhring;;;
Urdorf;;;
Uster;;;
Uzwil;;;
Vaihingen;;;
Varel;;;
Vaterstetten;;;
Vechelde;;;
Vechta;;;
Velbert;;;
Vellmar;;;
Verden;;;
Versmold;;;
Viernheim;;;
Villach;;;
Villingen;;;
Vilsbiburg;;;
Vilshofen;;;
Vlotho;;;
Voerde;;;
Wittenberg;;;
Waghäusel;;;
Waiblingen;;;
Waldbröl;;;
Waldkirch;;;
Waldkraiburg;;;
Waldshut;;;
Wallenhorst;;;
Walsrode;;;
Waltrop;;;
Warburg;;;
Waren;;;
Warendorf;;;
Warstein;;;
Weener;;;
Wegberg;;;
Weiden;;;
Weilburg;;;
Weilheim;;;
Weimar;;;
Weinheim;;;
Weinsberg;;;
Weiterstadt;;;
Werdau;;;
Werl;;;
Wermelskirchen;;;
Wertheim;;;
Wesel;;;
Wesseling;;;
Westerstede;;;
Wetzlar;;;
Wien;;;
Wiesbaden;;;
Wilhelmshaven;;;
Willich;;;
Winsen;;;
Winterthur;;;
Wipperfürth;;;
Wismar;;;
Witten;;;
Wittenberge;;;
Wittlich;;;
Wittmund;;;
Wolfenbüttel;;;
Wolfsburg;;;
Worms;;;
Wunstorf;;;
Wuppertal;;;
Würzburg;;;
Xanten;;;
Zehdenick;;;
Zeitz;;;
Zell;;;
Zerbst;;;
Zirndorf;;;
Zittau;;;
Zofingen;;;
Zollikofen;;;
Zug;;;
Zweibrücken;;;
Zwickau;;;
Adlershof;;;
Altglienicke;;;
Hohenschönhausen;;;
Treptow;;;
Baumschulenweg;;;
Biesdorf;;;
Blankenburg;;;
Blankenfelde;;;
Bohnsdorf;;;
Britz;;;
Buch;;;
Buckow;;;
Charlottenburg;;;
Dahlem;;;
Falkenberg;;;
Fennpfuhl;;;
Friedenau;;;
Friedrichsfelde;;;
Friedrichshagen;;;
Friedrichshain;;;
Frohnau;;;
Gatow;;;
Gesundbrunnen;;;
Gropiusstadt;;;
Grunewald;;;
Halensee;;;
Hansaviertel;;;
Haselhorst;;;
Heiligensee;;;
Heinersdorf;;;
Hellersdorf;;;
Hermsdorf;;;
Johannisthal;;;
Jungfernheide;;;
Karlshorst;;;
Karow;;;
Kaulsdorf;;;
Kladow;;;
Konradshöhe;;;
Köpenick;;;
Kreuzberg;;;
Lankwitz;;;
Lichtenberg;;;
Lichterfelde;;;
Lübars;;;
Mahlsdorf;;;
Malchow;;;
Mariendorf;;;
Marienfelde;;;
Marzahn;;;
Mitte;;;
Moabit;;;
Müggelheim;;;
Neukölln;;;
Niederschöneweide;;;
Niederschönhausen;;;
Nikolassee;;;
Oberschöneweide;;;
Pankow;;;
Plänterwald;;;
Prenzlauer Berg;;;
Rahnsdorf;;;
Reinickendorf;;;
Rosenthal;;;
Rudow;;;
Rummelsburg;;;
Schmargendorf;;;
Schmöckwitz;;;
Schöneberg;;;
Siemensstadt;;;
Spandau;;;
Staaken;;;
Steglitz;;;
Tegel;;;
Tempelhof;;;
Tiergarten;;;
Treptow;;;
Wannsee;;;
Wartenberg;;;
Wedding;;;
Weißensee;;;
Westend;;;
Wilhelmsruh;;;
Wilhelmstadt;;;
Wilmersdorf;;;
Wittenau;;;
Zehlendorf;;;
Allermöhe;;;
Alsterdorf;;;
Altengamme;;;
Altenwerder;;;
Bahrenfeld;;;
Bergedorf;;;
Bergstedt;;;
Billbrook;;;
Billstedt;;;
Billwerder;;;
Blankenese;;;
Borgfelde;;;
Bramfeld;;;
Cranz;;;
Curslack;;;
Dulsberg;;;
Duvenstedt;;;
Eidelstedt;;;
Eilbek;;;
Eimsbüttel;;;
Eißendorf;;;
Eppendorf;;;
Finkenwerder;;;
Francop;;;
Fuhlsbüttel;;;
HafenCity;;;
Hamm;;;
Hammerbrook;;;
Harburg;;;
Hausbruch;;;
Heimfeld;;;
Horn;;;
Hummelsbüttel;;;
Iserbrook;;;
Jenfeld;;;
Kirchwerder;;;
Langenbek;;;
Langenhorn;;;
Lohbrügge;;;
Lokstedt;;;
Marienthal;;;
Marmstorf;;;
Moorburg;;;
Moorfleet;;;
Neuenfelde;;;
Neuengamme;;;
Neuland;;;
Neustadt;;;
Nienstedten;;;
Niendorf;;;
Ochsenwerder;;;
Ohlsdorf;;;
Osdorf;;;
Othmarschen;;;
Ottensen;;;
Poppenbüttel;;;
Rahlstedt;;;
Reitbrook;;;
Rissen;;;
Rönneburg;;;
Rothenburgsort;;;
Sasel;;;
Schnelsen;;;
Sinstorf;;;
Steilshoop;;;
Steinwerder;;;
Stellingen;;;
Sternschanze;;;
Sülldorf;;;
Tonndorf;;;
Uhlenhorst;;;
Volksdorf;;;
Veddel;;;
Waltershof;;;
Wandsbek;;;
Wellingsbüttel;;;
Wilhelmsburg;;;
Allach;;;
Aubing;;;
Au;;;
Bogenhausen;;;
Forstenried;;;
Freimann;;;
Fürstenried;;;
Hadern;;;
Haidhausen;;;
Isarvorstadt;;;
Laim;;;
Ludwigsvorstadt;;;
Maxvorstadt;;;
Milbertshofen;;;
Moosach;;;
Neuhausen;;;
Nymphenburg;;;
Obergiesing;;;
Pasing;;;
Perlach;;;
Ramersdorf;;;
Schwabing;;;
Sendling;;;
Solln;;;
Thalkirchen;;;
Trudering;;;
Untergiesing;;;
Bayenthal;;;
Bickendorf;;;
Bilderstöckchen;;;
Blumenberg;;;
Bocklemünd;;;
Braunsfeld;;;
Brück;;;
Buchheim;;;
Buchforst;;;
Chorweiler;;;
Dellbrück;;;
Deutz;;;
Dünnwald;;;
Ehrenfeld;;;
Eil;;;
Elsdorf;;;
Ensen;;;
Esch;;;
Flittard;;;
Fühlingen;;;
Godorf;;;
Gremberghoven;;;
Grengel;;;
Hahnwald;;;
Heimersdorf;;;
Holweide;;;
Humboldt;;;
Immendorf;;;
Junkersdorf;;;
Kalk;;;
Klettenberg;;;
Langel;;;
Libur;;;
Lindenthal;;;
Lindweiler;;;
Lövenich;;;
Marienburg;;;
Merheim;;;
Merkenich;;;
Meschenich;;;
Mülheim;;;
Neubrück;;;
Neuehrenfeld;;;
Niehl;;;
Nippes;;;
Ossendorf;;;
Ostheim;;;
Pesch;;;
Poll;;;
Porz;;;
Raderberg;;;
Raderthal;;;
Rath;;;
Riehl;;;
Rodenkirchen;;;
Roggendorf;;;
Rondorf;;;
Seeberg;;;
Stammheim;;;
Sülz;;;
Urbach;;;
Vingst;;;
Vogelsang;;;
Volkhoven;;;
Weiden;;;
Weidenpesch;;;
Westhoven;;;
Widdersdorf;;;
Bergen;;;
Berkersheim;;;
Bockenheim;;;
Bonames;;;
Bornheim;;;
Dornbusch;;;
Eckenheim;;;
Eschersheim;;;
Fechenheim;;;
Gallus;;;
Ginnheim;;;
Griesheim;;;
Hausen;;;
Heddernheim;;;
Höchst;;;
Kalbach;;;
Niederursel;;;
Niederrad;;;
Niedereschbach;;;
Oberrad;;;
Ostend;;;
Preungesheim;;;
Riederwald;;;
Rödelheim;;;
Sachsenhausen;;;
Seckbach;;;
Sindlingen;;;
Sossenheim;;;
Unterliederbach;;;
Westend;;;
Botnang;;;
Degerloch;;;
Feuerbach;;;
Hedelfingen;;;
Heumaden;;;
Möhringen;;;
Mühlhausen;;;
Münster;;;
Plieningen;;;
Sillenbuch;;;
Stammheim;;;
Vaihingen;;;
Wangen;;;
Weilimdorf;;;
Zazenhausen;;;
Zuffenhausen;;;
Cannstatt;;;
Angermund;;;
Bilk;;;
Carlstadt;;;
Derendorf;;;
Flingern;;;
Garath;;;
Gerresheim;;;
Golzheim;;;
Hamm;;;
Hassels;;;
Heerdt;;;
Hellerhof;;;
Himmelgeist;;;
Holthausen;;;
Hubbelrath;;;
Kaiserswerth;;;
Kalkum;;;
Lichtenbroich;;;
Lierenfeld;;;
Lohausen;;;
Ludenberg;;;
Lörick;;;
Mörsenbroich;;;
Niederkassel;;;
Oberbilk;;;
Oberkassel;;;
Pempelfort;;;
Rath;;;
Reisholz;;;
Stockum;;;
Unterbach;;;
Unterbilk;;;
Urdenbach;;;
Vennhausen;;;
Volmerswerth;;;
Wersten;;;
Wittlaer;;;
Althen;;;
Anger;;;
Baalsdorf;;;
Böhlitz;;;
Burghausen;;;
Connewitz;;;
Dölitz;;;
Dölzig;;;
Eutritzsch;;;
Gohlis;;;
Grünau;;;
Hartmannsdorf;;;
Heiterblick;;;
Holzhausen;;;
Kleinzschocher;;;
Lausen;;;
Leutzsch;;;
Liebertwolkwitz;;;
Lindenau;;;
Lützschena;;;
Miltitz;;;
Mockau;;;
Möckern;;;
Paunsdorf;;;
Plagwitz;;;
Portitz;;;
Probstheida;;;
Reudnitz;;;
Schleußig;;;
Seehausen;;;
Sellerhausen;;;
Stötteritz;;;
Thekla;;;
Wahren;;;
Wiederitzsch;;;
Aplerbeck;;;
Asseln;;;
Barop;;;
Benninghofen;;;
Berghofen;;;
Bodelschwingh;;;
Bövinghausen;;;
Brechten;;;
Brackel;;;
Brünninghausen;;;
Derne;;;
Dorstfeld;;;
Eichlinghofen;;;
Eving;;;
Grevel;;;
Hacheney;;;
Hörde;;;
Holthausen;;;
Hombruch;;;
Huckarde;;;
Husen;;;
Kemminghausen;;;
Kirchderne;;;
Kirchlinde;;;
Kley;;;
Körne;;;
Kurl;;;
Lanstrop;;;
Lindenhorst;;;
Löttringhausen;;;
Marten;;;
Mengede;;;
Nette;;;
Neuasseln;;;
Persebeck;;;
Rahm;;;
Renninghausen;;;
Scharnhorst;;;
Schüren;;;
Sölde;;;
Somborn;;;
Syburg;;;
Wambel;;;
Wellinghofen;;;
Westerfilde;;;
Wickede;;;
Altenessen;;;
Altendorf;;;
Bergerhausen;;;
Bergeborbeck;;;
Bredeney;;;
Burgaltendorf;;;
Dellwig;;;
Fischlaken;;;
Frillendorf;;;
Frohnhausen;;;
Gerschede;;;
Heidhausen;;;
Heisingen;;;
Horst;;;
Karnap;;;
Katernberg;;;
Kettwig;;;
Kupferdreh;;;
Leithe;;;
Rellinghausen;;;
Schonnebeck;;;
Schuir;;;
Stoppenberg;;;
Überruhr;;;
Vogelheim;;;
Werden;;;
Aach;;;
Aar;;;
Abens;;;
Acher;;;
Aisch;;;
Alf;;;
Alme;;;
Alster;;;
Altmühl;;;
Ammer;;;
Amper;;;
Angerbach;;;
Anlauter;;;
Argen;;;
Aubach;;;
Aurach;;;
Baunach;;;
Bega;;;
Berkel;;;
Biber;;;
Bille;;;
Blies;;;
Bode;;;
Brenz;;;
Bröl;;;
Diemel;;;
Dill;;;
Donau;;;
Dreisam;;;
Eder;;;
Eger;;;
Eider;;;
Elbe;;;
Elz;;;
Ems;;;
Enz;;;
Erft;;;
Este;;;
Fils;;;
Fulda;;;
Gail;;;
Glatt;;;
Günz;;;
Haune;;;
Havel;;;
Hunte;;;
Ilm;;;
Ilmenau;;;
Iller;;;
Inn;;;
Isar;;;
Jagst;;;
Jeetze;;;
Kahl;;;
Kinzig;;;
Kyll;;;
Lahn;;;
Lippe;;;
Lohne;;;
Lossa;;;
Luppe;;;
Main;;;
Mangfall;;;
Möhne;;;
Mosel;;;
Mulde;;;
Naab;;;
Nahe;;;
Neckar;;;
Nidda;;;
Niers;;;
Nister;;;
Oder;;;
Oker;;;
Oste;;;
Paar;;;
Pegnitz;;;
Prüm;;;
Regnitz;;;
Regen;;;
Rhein;;;
Roda;;;
Ruhr;;;
Saale;;;
Schlei;;;
Schwalm;;;
Schwarza;;;
Schwentine;;;
Sieg;;;
Spree;;;
Tauber;;;
Trave;;;
Unstrut;;;
Vechte;;;
Wakenitz;;;
Warthe;;;
Werra;;;
Weser;;;
Wipper;;;
Wümme;;;
Wupper;;;
Zaber;;;
Ager;;;
Aist;;;
Alfenz;;;
Alm;;;
Antiesen;;;
Aschach;;;
Drau;;;
Donau;;;
Enns;;;
Erlauf;;;
Feistritz;;;
Fischach;;;
Fusch;;;
Gail;;;
Gailitz;;;
Glan;;;
Gurk;;;
Ill;;;
Inn;;;
Isel;;;
Kainach;;;
Kamp;;;
Krems;;;
Lafnitz;;;
Lavant;;;
Leitha;;;
Möll;;;
Mur;;;
Mürz;;;
Raab;;;
Rabnitz;;;
Salzach;;;
Schwechat;;;
Schwarzach;;;
Steyr;;;
Thaya;;;
Traisen;;;
Traun;;;
Ybbs;;;
Ziller;;;
Alexander;;;
Adrian;;;
Anton;;;
Andreas;;;
Alfred;;;
Albert;;;
Albrecht;;;
August;;;
Aurel;;;
Aurelius;;;
Axel;;;
Armin;;;
Arvid;;;
Artur;;;
Arthur;;;
Alban;;;
Alwin;;;
Anselm;;;
Ansgar;;;
Achim;;;
Adalbert;;;
Adalwin;;;
Adelar;;;
Adrianus;;;
Adamo;;;
Alessandro;;;
Alessio;;;
Alvaro;;;
Alonso;;;
Amadeus;;;
Ambrosius;;;
Amos;;;
Anatol;;;
Andor;;;
Andrej;;;
Andrzej;;;
Antek;;;
Antoine;;;
Antonio;;;
Antonius;;;
Aristide;;;
Aristoteles;;;
Armand;;;
Arne;;;
Arnold;;;
Aron;;;
Arpad;;;
Aston;;;
Atilio;;;
Attila;;;
Aurelian;;;
Aurelio;;;
Avram;;;
Aymo;;;
Benjamin;;;
Benedikt;;;
Benedict;;;
Bennett;;;
Benno;;;
Bernhard;;;
Bernard;;;
Bernd;;;
Bert;;;
Bertram;;;
Bastian;;;
Boris;;;
Bruno;;;
Brunello;;;
Branimir;;;
Branko;;;
Bryn;;;
Bryan;;;
Brian;;;
Bjarne;;;
Björn;;;
Bo;;;
Bodil;;;
Bogdan;;;
Bohdan;;;
Borislav;;;
Borut;;;
Boudewijn;;;
Boudewijn;;;
Boudewijn;;;
Bram;;;
Brendan;;;
Brice;;;
Brock;;;
Baldur;;;
Balduin;;;
Baltasar;;;
Balthasar;;;
Baptiste;;;
Barnabas;;;
Barnaby;;;
Bartek;;;
Bartolomeo;;;
Bartolomé;;;
Bart?omiej;;;
Bartosz;;;
Bas;;;
Basil;;;
Basile;;;
Bastien;;;
Batu;;;
Carl;;;
Carlo;;;
Carlos;;;
Carsten;;;
Caspar;;;
Casper;;;
Cassian;;;
Cassius;;;
Cato;;;
Cayetan;;;
Cédric;;;
Cem;;;
Cesare;;;
Charles;;;
Charlie;;;
Christian;;;
Christoph;;;
Christos;;;
Ciaran;;;
Cillian;;;
Ciprian;;;
Claes;;;
Claudio;;;
Claudius;;;
Clemens;;;
Clement;;;
Clifford;;;
Clovis;;;
Colin;;;
Conall;;;
Conan;;;
Conor;;;
Connor;;;
Constantin;;;
Constantine;;;
Cornel;;;
Cornelius;;;
Cosimo;;;
Craig;;;
Cristian;;;
Cristiano;;;
Cyril;;;
Cyprian;;;
Cyrill;;;
Csanád;;;
Daniel;;;
David;;;
Darius;;;
Dario;;;
Darian;;;
Dariane;;;
Darren;;;
Dawid;;;
Dawid;;;
Dawson;;;
Dean;;;
Denis;;;
Deniz;;;
Dennis;;;
Derek;;;
Dermot;;;
Desmond;;;
Detlef;;;
Dieter;;;
Dimitri;;;
Dimitrios;;;
Dino;;;
Diogo;;;
Dion;;;
Dionysius;;;
Dirk;;;
Dominik;;;
Dominic;;;
Donald;;;
Donat;;;
Donato;;;
Dorian;;;
Dorin;;;
Doru;;;
Dragan;;;
Drago;;;
Drago?;;;
Dragomir;;;
Dražen;;;
Dušan;;;
Dusan;;;
Dylan;;;
Dmitri;;;
Dobroslav;;;
Dobromir;;;
Dolf;;;
Domenico;;;
Domingo;;;
Dimitrije;;;
Elias;;;
Elia;;;
Eli;;;
Elian;;;
Elliot;;;
Elliott;;;
Ellis;;;
Elmar;;;
Elmer;;;
Elmo;;;
Eloy;;;
Elroy;;;
Elvin;;;
Elvis;;;
Emanuel;;;
Emil;;;
Emile;;;
Emilio;;;
Emilian;;;
Emiliano;;;
Emmerich;;;
Emmett;;;
Emre;;;
Endre;;;
Enno;;;
Enrico;;;
Enrique;;;
Enzo;;;
Eoghan;;;
Eoin;;;
Erasmus;;;
Erhard;;;
Erich;;;
Erik;;;
Ernst;;;
Erol;;;
Eros;;;
Ervin;;;
Erwin;;;
Esben;;;
Esa;;;
Esko;;;
Espen;;;
Etienne;;;
Ettore;;;
Eugen;;;
Eugene;;;
Eustachius;;;
Evan;;;
Evgeni;;;
Evgeny;;;
Fabian;;;
Fabio;;;
Fabrice;;;
Fabrizio;;;
Falk;;;
Faramir;;;
Farid;;;
Fedor;;;
Federico;;;
Felice;;;
Felicien;;;
Feliks;;;
Felix;;;
Ferdinand;;;
Fernando;;;
Ferran;;;
Ferenc;;;
Fergal;;;
Fergus;;;
Fermin;;;
Fernand;;;
Fiete;;;
Filip;;;
Filippo;;;
Fillip;;;
Fintan;;;
Fionn;;;
Fionán;;;
Flavio;;;
Flavius;;;
Flemming;;;
Florent;;;
Florentin;;;
Florian;;;
Florin;;;
Floris;;;
Florjan;;;
Fokko;;;
Folke;;;
Francesco;;;
Francis;;;
Franco;;;
François;;;
Franek;;;
Franz;;;
Franziskus;;;
Fred;;;
Freddie;;;
Frederic;;;
Frederik;;;
Friedrich;;;
Gabriel;;;
Gabriele;;;
Gael;;;
Gaël;;;
Gaston;;;
Gavino;;;
Gavin;;;
Gawain;;;
Gedeon;;;
Geert;;;
Geir;;;
Gellert;;;
Gennaro;;;
Gennadi;;;
Gennadij;;;
Geoffrey;;;
Georg;;;
George;;;
Georges;;;
Georgi;;;
Gerald;;;
Gerard;;;
Gerd;;;
Gereon;;;
Gerhard;;;
Gerrit;;;
Gert;;;
Gervais;;;
Gian;;;
Gianni;;;
Gideon;;;
Gilbert;;;
Gilles;;;
Gino;;;
Giorgio;;;
Giovanni;;;
Girish;;;
Gjergj;;;
Gleb;;;
Godehard;;;
Godwin;;;
Goran;;;
Gordon;;;
Gottfried;;;
Götz;;;
Gratian;;;
Gregor;;;
Gregory;;;
Griffin;;;
Grigor;;;
Guido;;;
Guillaume;;;
Gunnar;;;
Günther;;;
Gustav;;;
Hannes;;;
Hans;;;
Hanno;;;
Harald;;;
Hartmut;;;
Hartwig;;;
Hauke;;;
Heiko;;;
Hein;;;
Heiner;;;
Heinrich;;;
Helge;;;
Helmut;;;
Hendrik;;;
Hendrick;;;
Henning;;;
Henri;;;
Henrik;;;
Henry;;;
Herbert;;;
Hermann;;;
Hernan;;;
Hervé;;;
Hidde;;;
Hieronymus;;;
Hilmar;;;
Hinnerk;;;
Hjalmar;;;
Hjörtur;;;
Hobart;;;
Holger;;;
Horst;;;
Howard;;;
Hubert;;;
Hugo;;;
Hugh;;;
Hugues;;;
Humbert;;;
Humphrey;;;
Husein;;;
Hussein;;;
Hylke;;;
Hynek;;;
Hector;;;
Helios;;;
Hektor;;;
Higinio;;;
Hilarion;;;
Hippolyt;;;
Ian;;;
Iain;;;
Ianis;;;
Iason;;;
Ib;;;
Ibrahim;;;
Icarus;;;
Ignace;;;
Ignacio;;;
Ignaz;;;
Ignatius;;;
Igor;;;
Iker;;;
Ilario;;;
Ildar;;;
Ildefons;;;
Ilias;;;
Ilian;;;
Ilija;;;
Ilir;;;
Ilja;;;
Ilkay;;;
Ilmari;;;
Imanol;;;
Imre;;;
Ingemar;;;
Ingo;;;
Ingolf;;;
Ingram;;;
Inigo;;;
Ioan;;;
Ion;;;
Ionut;;;
Iordan;;;
Iorgos;;;
Iosef;;;
Ippolito;;;
Irakli;;;
Irving;;;
Isa;;;
Isak;;;
Isaias;;;
Isidor;;;
Isidore;;;
Ismael;;;
Ismail;;;
Istvan;;;
Italo;;;
Ivan;;;
Ivano;;;
Ivo;;;
Ivor;;;
Jan;;;
Ján;;;
Jaan;;;
Jacek;;;
Jack;;;
Jacob;;;
Jakob;;;
Jakub;;;
Jamal;;;
Janos;;;
János;;;
Jari;;;
Jarle;;;
Jasper;;;
Jayson;;;
Jean;;;
Jens;;;
Jeremias;;;
Jerome;;;
Jérôme;;;
Jeroen;;;
Jesper;;;
Jesse;;;
Jiri;;;
Ji?í;;;
Joachim;;;
João;;;
Joaquin;;;
Joaquín;;;
Jock;;;
Johan;;;
Johann;;;
Johannes;;;
John;;;
Jon;;;
Jonas;;;
Jón;;;
Jónas;;;
Jonathan;;;
Jordi;;;
Joren;;;
Joris;;;
Jörn;;;
Jovan;;;
Jozef;;;
Józef;;;
Jozsef;;;
József;;;
Jules;;;
Julian;;;
Julien;;;
Julius;;;
Justus;;;
Kai;;;
Kaj;;;
Kalevi;;;
Kamil;;;
Karlo;;;
Karl;;;
Karol;;;
Kasimir;;;
Kasper;;;
Kaspar;;;
Kasper;;;
Kastor;;;
Katalin;;;
Károly;;;
Keir;;;
Keith;;;
Kenan;;;
Kenneth;;;
Keno;;;
Kenton;;;
Kerem;;;
Kieran;;;
Kilian;;;
Killian;;;
Kim;;;
Kjell;;;
Kjartan;;;
Klaas;;;
Klaus;;;
Klemen;;;
Klemens;;;
Knut;;;
Kobe;;;
Kolja;;;
Konrad;;;
Konstantin;;;
Kornel;;;
Kornelius;;;
Kostas;;;
Kostantinos;;;
Kostya;;;
Krystian;;;
Krystof;;;
Krzysztof;;;
Kristian;;;
Kristoffer;;;
Kristof;;;
Kurt;;;
Kuno;;;
Lars;;;
Lasse;;;
Lauri;;;
Laurens;;;
Laurent;;;
Laurin;;;
Lauritz;;;
Laurius;;;
Lazar;;;
Lázaro;;;
Leander;;;
Leandro;;;
Leif;;;
Leigh;;;
Lennard;;;
Lennart;;;
Lennon;;;
Lenny;;;
Leon;;;
León;;;
Leonard;;;
Leonardo;;;
Leonel;;;
Leopold;;;
Levente;;;
Levi;;;
Lewis;;;
Liam;;;
Linas;;;
Linus;;;
Lionel;;;
Lior;;;
Ljubomir;;;
Llorenç;;;
Lodewijk;;;
Loïc;;;
Loic;;;
Lorenzo;;;
Lorenz;;;
Loris;;;
Lothar;;;
Louis;;;
Luca;;;
Lucas;;;
Ludovic;;;
Ludwig;;;
Luigi;;;
Luis;;;
Luka;;;
Lukas;;;
Lukasz;;;
Lukáš;;;
Lukasz;;;
Max;;;
Maxim;;;
Maxime;;;
Maximilian;;;
Maximiliano;;;
Magnus;;;
Mads;;;
Mael;;;
Maël;;;
Mahir;;;
Maik;;;
Maksim;;;
Maksym;;;
Malte;;;
Manfred;;;
Manuel;;;
Marc;;;
Marcel;;;
Marcell;;;
Marcello;;;
Marcin;;;
Marco;;;
Marcos;;;
Marek;;;
Marius;;;
Mario;;;
Marin;;;
Marino;;;
Mark;;;
Marko;;;
Markus;;;
Marlon;;;
Marten;;;
Martin;;;
Matej;;;
Mateo;;;
Matéo;;;
Matheus;;;
Mathias;;;
Mathieu;;;
Matias;;;
Matteo;;;
Matthias;;;
Matthieu;;;
Matthijs;;;
Maurice;;;
Mauro;;;
Maksymilian;;;
Mihai;;;
Mihail;;;
Mika;;;
Mikael;;;
Mikkel;;;
Milan;;;
Nabil;;;
Nadir;;;
Nando;;;
Natan;;;
Nathan;;;
Nathanael;;;
Nathanel;;;
Navid;;;
Nazar;;;
Nazario;;;
Nejc;;;
Nello;;;
Nenad;;;
Neo;;;
Nestor;;;
Nevio;;;
Niall;;;
Niccolò;;;
Niccolo;;;
Niclas;;;
Nick;;;
Nicklas;;;
Nico;;;
Nicola;;;
Nicolai;;;
Nicolás;;;
Niels;;;
Nihat;;;
Nik;;;
Nika;;;
Niklas;;;
Niklaus;;;
Nikola;;;
Nikolas;;;
Nikolaos;;;
Nikos;;;
Nils;;;
Nino;;;
Noa;;;
Noah;;;
Noam;;;
Noel;;;
Noël;;;
Norbert;;;
Norman;;;
Nuno;;;
Odin;;;
Odo;;;
Odon;;;
Odran;;;
Oeneas;;;
Ofer;;;
Oke;;;
Oktavian;;;
Oktavio;;;
Oleg;;;
Oleksandr;;;
Olivier;;;
Oliver;;;
Olle;;;
Olof;;;
Oluf;;;
Omar;;;
Omer;;;
Onni;;;
Onofrio;;;
Orfeo;;;
Orhan;;;
Orin;;;
Orlando;;;
Orvar;;;
Oscar;;;
Oskar;;;
Osman;;;
Ossian;;;
Oswald;;;
Otello;;;
Othmar;;;
Othon;;;
Otis;;;
Otmar;;;
Ottavio;;;
Otto;;;
Ottokar;;;
Ove;;;
Ovid;;;
Ovidiu;;;
Owain;;;
Owen;;;
Oxana;;;
Pablo;;;
Paco;;;
Paolo;;;
Pascal;;;
Pascual;;;
Patrice;;;
Patrick;;;
Patrik;;;
Patryk;;;
Paul;;;
Paulo;;;
Pavel;;;
Pawel;;;
Pawe?;;;
Peer;;;
Pekka;;;
Pelle;;;
Per;;;
Pere;;;
Pericles;;;
Perry;;;
Petar;;;
Peter;;;
Petr;;;
Petros;;;
Petru;;;
Philipp;;;
Philip;;;
Philippe;;;
Philo;;;
Pier;;;
Pierre;;;
Piet;;;
Pieter;;;
Pietro;;;
Pim;;;
Pino;;;
Piotr;;;
Pius;;;
Plamen;;;
Platon;;;
Pol;;;
Policarpo;;;
Pontus;;;
Porfirio;;;
Primo;;;
Prosper;;;
Pål;;;
Péter;;;
Piero;;;
Quentin;;;
Quent;;;
Quincey;;;
Quincy;;;
Quirin;;;
Quirinus;;;
Quirino;;;
Quirijn;;;
Quirinio;;;
Quint;;;
Quinten;;;
Quintin;;;
Quintino;;;
Quintus;;;
Quinto;;;
Quirinian;;;
Quodvultdeus;;;
Quil;;;
Quilian;;;
Quillen;;;
Quillan;;;
Quill;;;
Quim;;;
Quince;;;
Quintilian;;;
Quintilius;;;
Quintilio;;;
Quinto;;;
Quirinianus;;;
Quiricus;;;
Quirinellus;;;
Quirinio;;;
Quirijn;;;
Quirino;;;
Quirinius;;;
Quirinus;;;
Quirico;;;
Quirico;;;
Quirico;;;
Quirico;;;
Quirico;;;
Quirico;;;
Quirin;;;
Quint;;;
Quinten;;;
Quintin;;;
Quintus;;;
Quinto;;;
Rafael;;;
Raphael;;;
Raffael;;;
Raffaele;;;
Raimund;;;
Raimondo;;;
Rainer;;;
Ralf;;;
Ralph;;;
Ramiro;;;
Ramon;;;
Ramón;;;
Rasmus;;;
Raoul;;;
Raul;;;
R?zvan;;;
Reinhold;;;
Reinhard;;;
Remo;;;
René;;;
Renato;;;
Rene;;;
Reto;;;
Reuben;;;
Rhett;;;
Richard;;;
Rick;;;
Rico;;;
Rikard;;;
Risto;;;
Rob;;;
Roberto;;;
Robin;;;
Rocco;;;
Roderick;;;
Rodrigo;;;
Roland;;;
Roman;;;
Romeo;;;
Ronald;;;
Ronan;;;
Ronny;;;
Roel;;;
Roeland;;;
Rolf;;;
Romain;;;
Romano;;;
Romuald;;;
Ronin;;;
Rory;;;
Ruben;;;
Rubén;;;
Rudolf;;;
Rüdiger;;;
Rupert;;;
Ruslan;;;
Rustam;;;
Sacha;;;
Sandro;;;
Sascha;;;
Sasha;;;
Saul;;;
Sava;;;
Saverio;;;
Sebastian;;;
Sebastiano;;;
Sébastien;;;
Selim;;;
Semjon;;;
Semjon;;;
Senad;;;
Serge;;;
Sergei;;;
Sergio;;;
Severin;;;
Severino;;;
Siegfried;;;
Sigmund;;;
Silas;;;
Silvano;;;
Silvester;;;
Silvio;;;
Simeon;;;
Simon;;;
Sindre;;;
Sinisa;;;
Siniša;;;
Sören;;;
Sorin;;;
Sotirios;;;
Spartak;;;
Stanislas;;;
Stanis?aw;;;
Stanko;;;
Stefan;;;
Stefano;;;
Stefanos;;;
Stellan;;;
Sten;;;
Stéphane;;;
Stig;;;
Stipe;;;
Stjepan;;;
Stoyan;;;
Stratos;;;
Suleiman;;;
Sven;;;
Svend;;;
Sverre;;;
Tadeo;;;
Tadeusz;;;
Talon;;;
Tamas;;;
Tamás;;;
Tanel;;;
Tarek;;;
Tarik;;;
Tarmo;;;
Taron;;;
Tassilo;;;
Tassos;;;
Teo;;;
Teodor;;;
Teodoro;;;
Teofil;;;
Terence;;;
Terje;;;
Tero;;;
Teun;;;
Thaddeus;;;
Theo;;;
Theodor;;;
Theodore;;;
Theodosius;;;
Theophil;;;
Thiago;;;
Thierry;;;
Thomas;;;
Tibor;;;
Tijmen;;;
Timo;;;
Timofei;;;
Timofey;;;
Timotej;;;
Timotheus;;;
Titus;;;
Tizian;;;
Tobias;;;
Tobiasz;;;
Todor;;;
Tom;;;
Tomas;;;
Tomás;;;
Tomek;;;
Tomi;;;
Tomislav;;;
Tommaso;;;
Toni;;;
Tonio;;;
Torbjörn;;;
Torben;;;
Tore;;;
Torgny;;;
Torsten;;;
Tosca;;;
Tristan;;;
Tudor;;;
Tuomas;;;
Ture;;;
Tymon;;;
Udo;;;
Ueli;;;
Ulf;;;
Ulises;;;
Ulisse;;;
Ulrich;;;
Ulrico;;;
Ulysse;;;
Ulysses;;;
Umberto;;;
Urban;;;
Urbain;;;
Urbano;;;
Uros;;;
Uroš;;;
Urs;;;
Ursin;;;
Ursinus;;;
Ursio;;;
Ursus;;;
Uwe;;;
Uzair;;;
Ubaldo;;;
Uberto;;;
Ugo;;;
Ulick;;;
Ulvar;;;
Ulvard;;;
Ulwin;;;
Ulmar;;;
Ulmann;;;
Ulmo;;;
Ulrik;;;
Ulric;;;
Ulricho;;;
Ulri;;;
Ulbert;;;
Ulan;;;
Ulderico;;;
Ulderik;;;
Uldis;;;
Ulfred;;;
Ulfar;;;
Ulgar;;;
Ulger;;;
Ulmaro;;;
Ulmos;;;
Ulvan;;;
Urian;;;
Ursic;;;
Ustin;;;
Ustino;;;
Uthman;;;
Vaclav;;;
Václav;;;
Valdemar;;;
Valentin;;;
Valer;;;
Valerian;;;
Valerio;;;
Valery;;;
Valter;;;
Vangelis;;;
Vanja;;;
Vasili;;;
Vasil;;;
Vasile;;;
Vasilis;;;
Vasiliy;;;
Vasyl;;;
Vedad;;;
Veikko;;;
Velimir;;;
Veljko;;;
Venceslav;;;
Vencel;;;
Veniamin;;;
Veno;;;
Ventura;;;
Vernon;;;
Verner;;;
Vespasian;;;
Viktor;;;
Victor;;;
Vidor;;;
Viggo;;;
Viktoras;;;
Vilhelm;;;
Vilmos;;;
Vince;;;
Vincent;;;
Vincenzo;;;
Vinko;;;
Vintila;;;
Viorel;;;
Virgil;;;
Virginio;;;
Vito;;;
Vittorio;;;
Vladimir;;;
Vladislav;;;
Vladan;;;
Vlado;;;
Vlastimil;;;
Vojtech;;;
Vojt?ch;;;
Volker;;;
Volodymyr;;;
Vratislav;;;
Waclaw;;;
Waldemar;;;
Walenty;;;
Waleri;;;
Walker;;;
Wallace;;;
Walter;;;
Walther;;;
Warren;;;
Wawrzyniec;;;
Wayne;;;
Werner;;;
Wesley;;;
Wido;;;
Wieslaw;;;
Wiktor;;;
Wilfred;;;
Wilhelm;;;
Willard;;;
William;;;
Willy;;;
Wilmar;;;
Wilmer;;;
Wilson;;;
Wim;;;
Wincenty;;;
Winfried;;;
Winston;;;
Witold;;;
Wit;;;
Witek;;;
Wladek;;;
Wlodzimierz;;;
Wojciech;;;
Wolf;;;
Wolfgang;;;
Wolfram;;;
Wout;;;
Wouter;;;
Wenzel;;;
Wenceslas;;;
Wendelin;;;
Wendell;;;
Wernher;;;
Werno;;;
Wido;;;
Wigbert;;;
Wiggo;;;
Wilko;;;
Wilken;;;
Willem;;;
Willer;;;
Willibald;;;
Xander;;;
Xandro;;;
Xaver;;;
Xaverius;;;
Xavi;;;
Xavier;;;
Xabier;;;
Xabian;;;
Xabiano;;;
Xabiel;;;
Xabio;;;
Xabir;;;
Xabito;;;
Xabriel;;;
Xabro;;;
Xacobe;;;
Xacobo;;;
Xalvador;;;
Xan;;;
Xande;;;
Xandro;;;
Xane;;;
Xanti;;;
Xanxo;;;
Xaquín;;;
Xaquino;;;
Xarles;;;
Xarlo;;;
Xaro;;;
Xaverio;;;
Xaverin;;;
Xaverius;;;
Xaviel;;;
Xaviero;;;
Xavierin;;;
Xaverl;;;
Xenos;;;
Xenon;;;
Xerxes;;;
Xerxio;;;
Xerxius;;;
Xesús;;;
Xim;;;
Ximo;;;
Xisco;;;
Xoan;;;
Xoel;;;
Xose;;;
Xosé;;;
Xulio;;;
Xurxo;;;
Yann;;;
Yannick;;;
Yanis;;;
Yanick;;;
Yannic;;;
Yannicko;;;
Yano;;;
Yanis;;;
Yanko;;;
Yaroslav;;;
Yaromir;;;
Yaroslav;;;
Yasin;;;
Yassine;;;
Yavor;;;
Yevgeni;;;
Yevgeny;;;
Ygor;;;
Yilmaz;;;
Ymer;;;
Yngve;;;
Yngvar;;;
Yngvi;;;
Yohan;;;
Yohann;;;
Yohannes;;;
Yordan;;;
Yorgos;;;
Yorick;;;
Yorik;;;
Yosef;;;
Younes;;;
Younis;;;
Youri;;;
Yurij;;;
Yuriy;;;
Yuri;;;
Yvan;;;
Yves;;;
Yvo;;;
Yvor;;;
Ywain;;;
Yvon;;;
Yvonne;;;
Yannis;;;
Yanko;;;
Yarno;;;
Yasen;;;
Yulian;;;
Yuliy;;;
Yurko;;;
Yveson;;;
Zacharias;;;
Zachary;;;
Zaccaria;;;
Zdenek;;;
Zden?k;;;
Zdravko;;;
Zdravko;;;
Zdravomir;;;
Zdzislaw;;;
Zdzis?aw;;;
Zeno;;;
Zenon;;;
Zénon;;;
Zenoah;;;
Zenobio;;;
Zenoš;;;
Zenošek;;;
Zerach;;;
Zbigniew;;;
Zbyszek;;;
Zdislav;;;
Zdravan;;;
Zdravin;;;
Zdravko;;;
Zdravomil;;;
Zef;;;
Zefir;;;
Zefirin;;;
Zefirino;;;
Zenoš;;;
Zenošek;;;
Zénobe;;;
Zénobio;;;
Zénon;;;
Zénone;;;
Zerachiel;;;
Zlatan;;;
Zlatko;;;
Zlatomir;;;
Zoltan;;;
Zoltán;;;
Zoran;;;
Zorislav;;;
Zosimos;;;
Zosim;;;
Zosime;;;
Zsigmond;;;
Anna;;;
Amelie;;;
Amalia;;;
Anastasia;;;
Alina;;;
Alena;;;
Alicia;;;
Alisa;;;
Alessia;;;
Aurora;;;
Anita;;;
Andrea;;;
Annika;;;
Antonia;;;
Aurelia;;;
Adriana;;;
Adela;;;
Adele;;;
Adeline;;;
Alma;;;
Alva;;;
Annelie;;;
Anouk;;;
Asta;;;
Astrid;;;
Agnes;;;
Agatha;;;
Alberta;;;
Albina;;;
Alessandra;;;
Alexandra;;;
Alexia;;;
Allegra;;;
Almut;;;
Amara;;;
Amaya;;;
Ambra;;;
Aminta;;;
Anca;;;
Aneta;;;
Anika;;;
Anja;;;
Anke;;;
Anni;;;
Annabel;;;
Annette;;;
Anouk;;;
Aria;;;
Ariana;;;
Ariane;;;
Ariella;;;
Arina;;;
Arlette;;;
Armelle;;;
Asia;;;
Asja;;;
Bianca;;;
Beatrice;;;
Beatrix;;;
Bella;;;
Belinda;;;
Benedetta;;;
Benedikte;;;
Berenice;;;
Bernadette;;;
Bernarda;;;
Berta;;;
Bertha;;;
Bettina;;;
Betty;;;
Bibi;;;
Biljana;;;
Birgit;;;
Birgitta;;;
Blanca;;;
Blanka;;;
Blanche;;;
Bozena;;;
Bogdana;;;
Borislava;;;
Branka;;;
Branislava;;;
Brenda;;;
Bridget;;;
Brigitta;;;
Brigitte;;;
Brina;;;
Britta;;;
Britt;;;
Brittany;;;
Bruna;;;
Brunella;;;
Brygida;;;
Batsheva;;;
Belen;;;
Beniamina;;;
Benita;;;
Benedikta;;;
Bodil;;;
Bojana;;;
Borka;;;
Borjana;;;
Boryana;;;
Branwen;;;
Briseida;;;
Brunhilda;;;
Brunhilde;;;
Clara;;;
Chiara;;;
Charlotte;;;
Carla;;;
Carmen;;;
Camilla;;;
Camille;;;
Cecilia;;;
Cecilie;;;
Cecilie;;;
Celina;;;
Celeste;;;
Celine;;;
Céleste;;;
Céline;;;
Cira;;;
Ciri;;;
Cinzia;;;
Claudia;;;
Claudie;;;
Claudine;;;
Clio;;;
Cloe;;;
Chloé;;;
Chloe;;;
Cora;;;
Corina;;;
Corinna;;;
Cornelia;;;
Cosima;;;
Cristina;;;
Christina;;;
Christine;;;
Christiane;;;
Christa;;;
Carolina;;;
Caroline;;;
Caterina;;;
Catalina;;;
Catarina;;;
Catrin;;;
Catrina;;;
Catriona;;;
Cerys;;;
Cecylia;;;
Csilla;;;
Csenge;;;
Csilla;;;
Cvetelina;;;
Cveta;;;
Cvijeta;;;
Daria;;;
Diana;;;
Daniela;;;
Danica;;;
Danielle;;;
Daphne;;;
Dariah;;;
Davina;;;
Debora;;;
Deborah;;;
Debora;;;
Delia;;;
Delilah;;;
Delfina;;;
Denisa;;;
Denise;;;
Desiree;;;
Desirée;;;
Diana;;;
Diane;;;
Dina;;;
Dominika;;;
Dominique;;;
Donata;;;
Donatella;;;
Dora;;;
Dorina;;;
Dorota;;;
Doris;;;
Dorothea;;;
Dorothy;;;
Dragana;;;
Dragica;;;
Dragomira;;;
Drazenka;;;
Drita;;;
Dubravka;;;
Dunja;;;
Dusana;;;
Dymphna;;;
Emma;;;
Emilia;;;
Emilie;;;
Emily;;;
Elena;;;
Elisa;;;
Elisabeth;;;
Elise;;;
Eliza;;;
Ella;;;
Ellie;;;
Eleonora;;;
Eleonore;;;
Eleanor;;;
Emanuela;;;
Emanuelle;;;
Ester;;;
Esther;;;
Eszter;;;
Edda;;;
Edith;;;
Edina;;;
Edita;;;
Eirini;;;
Eirene;;;
Eivor;;;
Elda;;;
Elfriede;;;
Eliane;;;
Elina;;;
Elin;;;
Elisa;;;
Elisabetta;;;
Eliska;;;
Elissa;;;
Elma;;;
Elodie;;;
Elvira;;;
Ema;;;
Emese;;;
Emmeline;;;
Emmi;;;
Emmy;;;
Ena;;;
Enik?;;;
Enrica;;;
Enza;;;
Erika;;;
Erna;;;
Ernestine;;;
Fabia;;;
Fabiana;;;
Fabienne;;;
Fabiola;;;
Fabrizia;;;
Fadila;;;
Fania;;;
Fanny;;;
Fatima;;;
Fatou;;;
Faustina;;;
Faustine;;;
Felicitas;;;
Felicity;;;
Felicia;;;
Felina;;;
Fenja;;;
Fenella;;;
Feodora;;;
Ferdinanda;;;
Fernanda;;;
Fernande;;;
Fiamma;;;
Fiorella;;;
Fiorenza;;;
Fiona;;;
Filipa;;;
Filippa;;;
Filiz;;;
Finja;;;
Fiona;;;
Flaminia;;;
Flavia;;;
Flavie;;;
Fleur;;;
Flora;;;
Florence;;;
Florentia;;;
Florentina;;;
Florentine;;;
Floriane;;;
Flossie;;;
Fonda;;;
Fortunata;;;
Fortunata;;;
Franca;;;
Frances;;;
Francesca;;;
Francine;;;
Franciska;;;
Franka;;;
Franziska;;;
Freda;;;
Frederica;;;
Frederike;;;
Freya;;;
Frida;;;
Frieda;;;
Friedel;;;
Friedl;;;
Fritzi;;;
Gabriela;;;
Gabriella;;;
Gabrielle;;;
Gaia;;;
Gala;;;
Galina;;;
Ganna;;;
Garnet;;;
Gaya;;;
Gemma;;;
Genovefa;;;
Genevieve;;;
Genoveva;;;
Georgina;;;
Georgine;;;
Geraldine;;;
Gerda;;;
Gerlinde;;;
Gertrud;;;
Gertrude;;;
Gesa;;;
Ghislaine;;;
Giada;;;
Giana;;;
Gianina;;;
Gianna;;;
Gigliola;;;
Gilda;;;
Ginevra;;;
Gisela;;;
Giselle;;;
Gita;;;
Giulia;;;
Giuliana;;;
Giulietta;;;
Giuseppina;;;
Gladys;;;
Glafira;;;
Glenda;;;
Gloria;;;
Gordana;;;
Gordana;;;
Grazia;;;
Graziella;;;
Greta;;;
Grete;;;
Grethel;;;
Grethe;;;
Griselda;;;
Gryzelda;;;
Gulnara;;;
Gulnaz;;;
Gulsum;;;
Gunda;;;
Gundula;;;
Gunilla;;;
Hanna;;;
Hannah;;;
Hanne;;;
Hannelore;;;
Hannelie;;;
Hedda;;;
Hede;;;
Hedi;;;
Hedvig;;;
Hedwig;;;
Heike;;;
Heidi;;;
Helena;;;
Helene;;;
Helen;;;
Helga;;;
Helmi;;;
Heloise;;;
Heloisa;;;
Hermine;;;
Hermina;;;
Hermione;;;
Herta;;;
Hertha;;;
Hester;;;
Hilde;;;
Hildegard;;;
Hildegund;;;
Hildur;;;
Hilke;;;
Hilla;;;
Hille;;;
Hilly;;;
Hilma;;;
Hina;;;
Hjördis;;;
Hilda;;;
Hildegarde;;;
Hildrun;;;
Hillevi;;;
Hind;;;
Holly;;;
Honorine;;;
Honoria;;;
Hope;;;
Hortense;;;
Hortensia;;;
Hulda;;;
Huma;;;
Huriye;;;
Husna;;;
Ida;;;
Idalia;;;
Idalina;;;
Idelina;;;
Idonea;;;
Ifigenia;;;
Iga;;;
Ignacia;;;
Ignazia;;;
Ilaria;;;
Ilda;;;
Ileana;;;
Ilena;;;
Iliana;;;
Ilka;;;
Ilma;;;
Ilona;;;
Ilonka;;;
Ilse;;;
Ilsa;;;
Imelda;;;
Imke;;;
Imogen;;;
Imola;;;
Ina;;;
Inara;;;
Ines;;;
Inès;;;
Inga;;;
Inge;;;
Ingeborg;;;
Ingrid;;;
Inka;;;
Inna;;;
Ioana;;;
Iolanda;;;
Iona;;;
Ione;;;
Ira;;;
Irina;;;
Iris;;;
Irma;;;
Isabel;;;
Isabella;;;
Isabelle;;;
Isadora;;;
Isolde;;;
Isotta;;;
Iulia;;;
Iuliana;;;
Jana;;;
Janina;;;
Janine;;;
Janette;;;
Janett;;;
Janka;;;
Janna;;;
Janne;;;
Jasmin;;;
Jasmine;;;
Jasminka;;;
Jasna;;;
Jelena;;;
Jelka;;;
Jelica;;;
Jemima;;;
Jenni;;;
Jennifer;;;
Jenny;;;
Jessica;;;
Jessika;;;
Jette;;;
Jitka;;;
Joana;;;
Joanna;;;
Joanne;;;
Jocelyn;;;
Jocelyne;;;
Jody;;;
Joelle;;;
Joëlle;;;
Johanna;;;
Johanne;;;
Jolana;;;
Jolanda;;;
Jolanta;;;
Jolene;;;
Jolie;;;
Jorinde;;;
Jorunn;;;
Josefa;;;
Josefina;;;
Josephine;;;
Josette;;;
Jovana;;;
Jovanka;;;
Joy;;;
Judith;;;
Judita;;;
Julia;;;
Juliana;;;
Juliane;;;
Julie;;;
Juliette;;;
Justina;;;
Justine;;;
Klara;;;
Klára;;;
Karina;;;
Karin;;;
Katrin;;;
Katrina;;;
Katarina;;;
Katarína;;;
Katerina;;;
Katherine;;;
Katharina;;;
Katharine;;;
Kathleen;;;
Kathy;;;
Katja;;;
Katya;;;
Kaja;;;
Kalina;;;
Kamila;;;
Kamilla;;;
Kamilia;;;
Karolina;;;
Karoline;;;
Karla;;;
Karolína;;;
Karmen;;;
Karmela;;;
Karmenka;;;
Kassandra;;;
Kassia;;;
Katia;;;
Katica;;;
Katinka;;;
Katlin;;;
Katriona;;;
Katy;;;
Kaya;;;
Kazimira;;;
Kenza;;;
Kerstin;;;
Kesia;;;
Khadija;;;
Kinga;;;
Kira;;;
Klara;;;
Klementina;;;
Klotilda;;;
Klothilde;;;
Kornelia;;;
Kornélia;;;
Ksenia;;;
Kseniya;;;
Kv?ta;;;
Kvetoslava;;;
Laura;;;
Lara;;;
Larissa;;;
Lena;;;
Leni;;;
Lea;;;
Leah;;;
Leonie;;;
Leonor;;;
Leonora;;;
Leonore;;;
Leticia;;;
Letizia;;;
Liana;;;
Liane;;;
Lidia;;;
Lidija;;;
Liesel;;;
Lieselotte;;;
Liliana;;;
Liliane;;;
Lili;;;
Lilia;;;
Lilith;;;
Lilla;;;
Lilli;;;
Lilly;;;
Lina;;;
Linda;;;
Line;;;
Linnea;;;
Linn;;;
Lisel;;;
Lisette;;;
Livia;;;
Liv;;;
Ljiljana;;;
Ljubica;;;
Ljubinka;;;
Lola;;;
Lolita;;;
Loredana;;;
Lore;;;
Loreen;;;
Loretta;;;
Lori;;;
Lorena;;;
Lorraine;;;
Lou;;;
Louise;;;
Louisa;;;
Lourdes;;;
Lucia;;;
Lucie;;;
Lucija;;;
Lucile;;;
Lucilla;;;
Lucinda;;;
Lucrezia;;;
Ludmila;;;
Ludmilla;;;
Maria;;;
Marie;;;
Mara;;;
Maren;;;
Marina;;;
Mariana;;;
Marianna;;;
Marianne;;;
Marietta;;;
Marija;;;
Marika;;;
Marilena;;;
Marilou;;;
Marina;;;
Marion;;;
Marisa;;;
Mariska;;;
Marita;;;
Marlene;;;
Marta;;;
Martina;;;
Martine;;;
Mathilde;;;
Matilda;;;
Maud;;;
Maya;;;
Melanie;;;
Melina;;;
Melinda;;;
Melissa;;;
Melita;;;
Melodie;;;
Mercedes;;;
Mia;;;
Michaela;;;
Michela;;;
Michele;;;
Milena;;;
Milica;;;
Milja;;;
Milla;;;
Mimi;;;
Mina;;;
Minerva;;;
Mira;;;
Miranda;;;
Mirela;;;
Mirella;;;
Mirjam;;;
Mirjana;;;
Miriam;;;
Miroslava;;;
Mirta;;;
Mita;;;
Monika;;;
Monique;;;
Mora;;;
Morgane;;;
Marta;;;
Myrta;;;
Nadia;;;
Nadja;;;
Nadine;;;
Nadira;;;
Nad?žda;;;
Naila;;;
Nairi;;;
Nala;;;
Nana;;;
Nanette;;;
Naomi;;;
Narcisa;;;
Narcissa;;;
Natalia;;;
Natalie;;;
Natalija;;;
Natasha;;;
Natascha;;;
Nataša;;;
Nausicaa;;;
Nausika;;;
Neda;;;
Nela;;;
Neli;;;
Nelia;;;
Nelida;;;
Nelija;;;
Nella;;;
Nelly;;;
Nena;;;
Nerina;;;
Nerissa;;;
Neta;;;
Nevena;;;
Nia;;;
Nicola;;;
Nicole;;;
Nicoleta;;;
Nicolette;;;
Nikola;;;
Nikol;;;
Nikola;;;
Nikolajka;;;
Nikolina;;;
Nikoleta;;;
Nila;;;
Nina;;;
Ninette;;;
Ninon;;;
Nives;;;
Noa;;;
Noelle;;;
Noëlle;;;
Noemi;;;
Noémie;;;
Nora;;;
Norah;;;
Norina;;;
Norma;;;
Olga;;;
Olena;;;
Olesia;;;
Olesya;;;
Olga;;;
Olia;;;
Olina;;;
Olinda;;;
Olivia;;;
Olivie;;;
Olivija;;;
Olivetta;;;
Olympe;;;
Olympia;;;
Omaira;;;
Ondina;;;
Ondine;;;
Onelia;;;
Onora;;;
Onoria;;;
Oona;;;
Ophelia;;;
Ofelia;;;
Ophélie;;;
Ora;;;
Ornella;;;
Orsola;;;
Orsolya;;;
Ortrud;;;
Otilia;;;
Ottavia;;;
Ottilie;;;
Ottilia;;;
Otylia;;;
Ovidia;;;
Ovidia;;;
Ozana;;;
Ozanna;;;
Ozlem;;;
Özlem;;;
Öznur;;;
Öykü;;;
Özge;;;
Özden;;;
Özay;;;
Özlem;;;
Özsu;;;
Özlem;;;
Özkan;;;
Özlem;;;
Paula;;;
Paulina;;;
Pauline;;;
Paolina;;;
Patricia;;;
Patrizia;;;
Patrícia;;;
Patrycja;;;
Patsy;;;
Paquita;;;
Parisa;;;
Paraska;;;
Paraskeva;;;
Paris;;;
Pascale;;;
Pascaline;;;
Pasqualina;;;
Pasqualina;;;
Pavla;;;
Pavlina;;;
Pavlína;;;
Pavlína;;;
Pelagia;;;
Penelope;;;
Penelopa;;;
Perla;;;
Pernilla;;;
Petra;;;
Petronela;;;
Petronella;;;
Petronia;;;
Pia;;;
Piera;;;
Pierina;;;
Pilar;;;
Pina;;;
Piroska;;;
Placida;;;
Plamena;;;
Polina;;;
Polona;;;
Polly;;;
Pompeia;;;
Pompeya;;;
Poppy;;;
Portia;;;
Priska;;;
Prisca;;;
Prisilla;;;
Priscilla;;;
Prudence;;;
Quintina;;;
Quintine;;;
Quintana;;;
Quinta;;;
Quintella;;;
Quintilia;;;
Quintilla;;;
Quintiliana;;;
Quintilina;;;
Quirina;;;
Quirine;;;
Quiriana;;;
Quiriela;;;
Querina;;;
Querine;;;
Querida;;;
Quenilda;;;
Quenby;;;
Quenia;;;
Quenilda;;;
Quendolina;;;
Quendolyn;;;
Quendoline;;;
Quendolin;;;
Quentalia;;;
Quentalina;;;
Quentina;;;
Quentine;;;
Quentessa;;;
Quentilla;;;
Quentilia;;;
Quentilina;;;
Quentiliana;;;
Quetrina;;;
Quetrine;;;
Quezia;;;
Quezila;;;
Quezina;;;
Quiana;;;
Quida;;;
Quila;;;
Quilia;;;
Quiliana;;;
Quilina;;;
Quilinda;;;
Quilma;;;
Quinara;;;
Quinella;;;
Quinette;;;
Quinita;;;
Quinilda;;;
Quinina;;;
Quinira;;;
Quinita;;;
Rabea;;;
Rada;;;
Radka;;;
Radmila;;;
Rafaela;;;
Raffaella;;;
Ragnhild;;;
Ragna;;;
Rahel;;;
Rachel;;;
Raina;;;
Rajka;;;
Raluca;;;
Ramona;;;
Rania;;;
Ranka;;;
Rasa;;;
Rashida;;;
Raquel;;;
Rea;;;
Rebecca;;;
Rebekka;;;
Regina;;;
Regine;;;
Reinette;;;
Renata;;;
Renate;;;
Renaudine;;;
Renske;;;
Rhea;;;
Rhiannon;;;
Ria;;;
Riana;;;
Rianna;;;
Rita;;;
Rivka;;;
Roberta;;;
Robyn;;;
Rochelle;;;
Roksana;;;
Rolande;;;
Romana;;;
Romane;;;
Romina;;;
Romy;;;
Rona;;;
Ronja;;;
Rosalia;;;
Rosalie;;;
Rosalind;;;
Rosamund;;;
Rosanna;;;
Rose;;;
Rosina;;;
Rosita;;;
Roxana;;;
Roxane;;;
Roxanna;;;
Rozalia;;;
Sabina;;;
Sabine;;;
Sabrina;;;
Sacha;;;
Saskia;;;
Sasha;;;
Saša;;;
Sára;;;
Sara;;;
Sarah;;;
Sarita;;;
Saskja;;;
Sava;;;
Savina;;;
Scarlett;;;
Selena;;;
Selina;;;
Selma;;;
Semira;;;
Senada;;;
Serafina;;;
Seraphine;;;
Serena;;;
Serina;;;
Severina;;;
Severine;;;
Shana;;;
Sharon;;;
Sheila;;;
Sibylle;;;
Sidonia;;;
Siena;;;
Sigrid;;;
Silja;;;
Silke;;;
Silvana;;;
Silvia;;;
Simona;;;
Simone;;;
Sina;;;
Sinead;;;
Siri;;;
Sirma;;;
Siska;;;
Siv;;;
Sofia;;;
Sofie;;;
Sophia;;;
Sophie;;;
Sophronia;;;
Soraya;;;
Sorina;;;
Sotiria;;;
Stana;;;
Stanka;;;
Stela;;;
Stella;;;
Stefania;;;
Stefanie;;;
Steffi;;;
Stina;;;
Svea;;;
Svetlana;;;
Sylvia;;;
Tabea;;;
Tabita;;;
Tabitha;;;
Taisia;;;
Taisija;;;
Tajana;;;
Tala;;;
Tamara;;;
Tamar;;;
Tania;;;
Tanja;;;
Tanjaa;;;
Tanita;;;
Tara;;;
Tarja;;;
Tatiana;;;
Tatjana;;;
Tatyana;;;
Tea;;;
Teodora;;;
Teodóra;;;
Teona;;;
Teresa;;;
Theresa;;;
Therese;;;
Thalia;;;
Thea;;;
Thekla;;;
Theodora;;;
Theodosia;;;
Theresia;;;
Thérèse;;;
Tiana;;;
Tiara;;;
Tijana;;;
Tilda;;;
Tilde;;;
Tina;;;
Tine;;;
Tinka;;;
Tiziana;;;
Toma;;;
Tomislava;;;
Tonka;;;
Tonya;;;
Tora;;;
Tove;;;
Tracy;;;
Traute;;;
Trine;;;
Trude;;;
Tuija;;;
Tünde;;;
Ulrike;;;
Ulrika;;;
Ursula;;;
Urszula;;;
Uta;;;
Ute;;;
Ulla;;;
Ulrica;;;
Ulrica;;;
Ulrika;;;
Ulrika;;;
Ulani;;;
Ulyana;;;
Uljana;;;
Uljana;;;
Uljanka;;;
Uliana;;;
Ulina;;;
Ulissa;;;
Ulli;;;
Ulrikea;;;
Ulva;;;
Ulvhild;;;
Una;;;
Undine;;;
Unnur;;;
Urania;;;
Ursa;;;
Ursina;;;
Ursine;;;
Ursulina;;;
Urt?;;;
Urte;;;
Urška;;;
Uschi;;;
Usha;;;
Usia;;;
Usina;;;
Usoa;;;
Uteke;;;
Utrilla;;;
Uvala;;;
Uvena;;;
Uverta;;;
Uvilla;;;
Uvina;;;
Uvira;;;
Uvita;;;
Uyana;;;
Uyara;;;
Uza;;;
Uzma;;;
Valentina;;;
Valentine;;;
Valeria;;;
Valérie;;;
Valerija;;;
Valeriana;;;
Valeriane;;;
Valerija;;;
Valeska;;;
Valesca;;;
Valina;;;
Valja;;;
Valka;;;
Valborg;;;
Valdine;;;
Valdís;;;
Valentinaa;;;
Valentyna;;;
Valentyna;;;
Valerina;;;
Valerine;;;
Valery;;;
Valeslava;;;
Valeslawa;;;
Valgerda;;;
Vali;;;
Valida;;;
Valina;;;
Valja;;;
Valkyrie;;;
Vanda;;;
Vanja;;;
Vanna;;;
Vanessa;;;
Vania;;;
Vanja;;;
Vanna;;;
Varvara;;;
Varya;;;
Vasilisa;;;
Vasilka;;;
Vasilena;;;
Vasylisa;;;
Veda;;;
Vedrana;;;
Veera;;;
Vega;;;
Velga;;;
Velia;;;
Velika;;;
Velina;;;
Velislava;;;
Velta;;;
Veneta;;;
Venetia;;;
Venla;;;
Vera;;;
Verena;;;
Veronika;;;
Verónica;;;
Vesela;;;
Vesna;;;
Vesta;;;
Veta;;;
Vica;;;
Viktoria;;;
Viktorija;;;
Viktorina;;;
Viktorya;;;
Vilma;;;
Vilm?;;;
Vilhelmina;;;
Vilhelmine;;;
Vilma;;;
Vilna;;;
Vinca;;;
Vineta;;;
Viola;;;
Violeta;;;
Violetta;;;
Virginia;;;
Vita;;;
Vitalia;;;
Vittoria;;;
Viviana;;;
Viviane;;;
Vivien;;;
Vivienne;;;
Vlasta;;;
Vladimira;;;
Vladislava;;;
Vlatka;;;
Wanda;;;
Wanja;;;
Wencke;;;
Wendy;;;
Wera;;;
Weronika;;;
Wibke;;;
Wiebke;;;
Wiebke;;;
Wiebke;;;
Wiebke;;;
Wigdis;;;
Wilhelmina;;;
Wilhelmine;;;
Wilma;;;
Willemina;;;
Willi;;;
Willma;;;
Wiltrud;;;
Wiltrude;;;
Winifred;;;
Winifreda;;;
Winona;;;
Winta;;;
Wioletta;;;
Wioleta;;;
Wira;;;
Wirgilia;;;
Wirgilia;;;
Wislawa;;;
Wis?awa;;;
Wita;;;
Witalia;;;
Witolda;;;
Witolda;;;
Wladislawa;;;
Wladyslawa;;;
Wladislava;;;
Wladimira;;;
Wladyslawa;;;
Wladyslava;;;
Wladzislawa;;;
Wlodzimiera;;;
Wlodzislawa;;;
Wojciecha;;;
Wojciecha;;;
Wolfruna;;;
Wolfrun;;;
Woltrud;;;
Woltrude;;;
Wren;;;
Wulfhild;;;
Wulfhilde;;;
Wulfhildis;;;
Xenia;;;
Xena;;;
Xeniya;;;
Xenija;;;
Xenja;;;
Xénia;;;
Xaviera;;;
Xaveria;;;
Xaverine;;;
Xaviera;;;
Xaviera;;;
Xavéria;;;
Xaviera;;;
Xavina;;;
Xavine;;;
Xavira;;;
Xavira;;;
Xavrina;;;
Xavrine;;;
Xavrielle;;;
Xavriela;;;
Xavriella;;;
Xavriette;;;
Xavrietta;;;
Xavrine;;;
Xavrina;;;
Xavriana;;;
Xavrianna;;;
Xavrianne;;;
Xavriane;;;
Xavrielle;;;
Xavriella;;;
Xavrietta;;;
Xavriette;;;
Xavrietta;;;
Xavrine;;;
Xavrina;;;
Xavriela;;;
Xavriella;;;
Xavriane;;;
Xavrianna;;;
Xavrianne;;;
Xavriette;;;
Xavrietta;;;
Xavriela;;;
Xavriella;;;
Xavrina;;;
Xavrine;;;
Xylia;;;
Xylina;;;
Xylona;;;
Xylina;;;
Yara;;;
Yasmin;;;
Yasmine;;;
Yasmina;;;
Yelena;;;
Yelina;;;
Yelizaveta;;;
Yelyzaveta;;;
Yevgenia;;;
Yevgeniya;;;
Yevheniia;;;
Ylva;;;
Ylvi;;;
Yngvild;;;
Yngvilde;;;
Yngvea;;;
Yngva;;;
Yngvilda;;;
Yngvildur;;;
Yngvildis;;;
Yngvildr;;;
Yngvilda;;;
Yolanda;;;
Yolande;;;
Yolanthe;;;
Yordanka;;;
Yordan??;;;
Yordana;;;
Yordanka;;;
Yorika;;;
Yorinde;;;
Yosra;;;
Yovana;;;
Yovanka;;;
Yulia;;;
Yuliana;;;
Yulija;;;
Yuliyana;;;
Yurena;;;
Yuriko;;;
Yustina;;;
Yustyna;;;
Yvette;;;
Yvonne;;;
Yvonna;;;
Yvonnette;;;
Yvona;;;
Yvone;;;
Yvonna;;;
Yvonnia;;;
Yvonnka;;;
Yvonnette;;;
Zara;;;
Zarah;;;
Zaria;;;
Zariah;;;
Zarina;;;
Zdena;;;
Zdenka;;;
Zdenka;;;
Zdravka;;;
Zdravka;;;
Zdravka;;;
Zelda;;;
Zelia;;;
Zélia;;;
Zelma;;;
Zena;;;
Zenia;;;
Zenobia;;;
Zenona;;;
Zeynep;;;
Zina;;;
Zinaida;;;
Zinovia;;;
Zita;;;
Zita;;;
Zlata;;;
Zlatka;;;
Zlatina;;;
Zlatislava;;;
Zlata;;;
Zlata;;;
Zlata;;;
Zofia;;;
Zofija;;;
Zohra;;;
Zoja;;;
Zola;;;
Zora;;;
Zorana;;;
Zorica;;;
Zorka;;;
Zosja;;;
Zosia;;;
Zoya;;;
Zsófia;;;
Zsuzsa;;;
Zsuzsanna;;;
Zuzana;;;
Zuzanna;;;
